"Reference","Qty","Value","DNP","Exclude from BOM","Exclude from Board","Footprint","Datasheet"
"C1,C6,C8,C16,C17,C18","6","0.1uF","","","","Capacitor_SMD:C_0805_2012Metric_Pad1.18x1.45mm_HandSolder","~"
"C2,C3,C4,C5,C10,C20","6","1uF","","","","Capacitor_SMD:C_0805_2012Metric_Pad1.18x1.45mm_HandSolder","~"
"C7,C9,C11,C12,C15","5","10uF","","","","Capacitor_SMD:C_0805_2012Metric_Pad1.18x1.45mm_HandSolder","~"
"C13","1","47nF","","","","Capacitor_SMD:C_0805_2012Metric_Pad1.18x1.45mm_HandSolder","~"
"C14","1","4.7uF","","","","Capacitor_SMD:C_0805_2012Metric_Pad1.18x1.45mm_HandSolder","~"
"C19,C21","2","22uF","","","","Capacitor_SMD:C_0805_2012Metric_Pad1.18x1.45mm_HandSolder","~"
"D4,D5,D6,D7,D8,D11,D15","7","LED","","","","LED_SMD:LED_0805_2012Metric","~"
"D9","1","TSD05DYFR","","","","Diode_SMD:D_SOD-323_HandSoldering","https://assets.nexperia.com/documents/data-sheet/PTVS5V0Z1USK.pdf"
"D12,D13,D14","3","LTST-C235KGKRKT","","","","LED_SMD:LED_LiteOn_LTST-C235KGKRKT","https://optoelectronics.liteon.com/upload/download/DS22-2009-0219/LTST-C235KGKRKT.pdf"
"F1","1","Fuse","","","","Fuse:Fuse_0805_2012Metric","~"
"FB1","1","BBUP00321611121Y00","","","","Resistor_SMD:R_1206_3216Metric_Pad1.30x1.75mm_HandSolder","~"
"IC1","1","PCA9955BTW","","","","SOP65P640X110-29N","https://www.nxp.com/docs/en/data-sheet/PCA9955B.pdf"
"J1","1","Micro_SD_Card_Det2","","","","alarm_system:CUI_MSD-11-A","https://www.hirose.com/en/product/document?clcode=&productname=&series=DM3&documenttype=Catalog&lang=en&documentid=D49662_en"
"J2","1","USB_C_Receptacle_USB2.0_14P","","","","","https://www.usb.org/sites/default/files/documents/usb_type-c.zip"
"J3","1","Conn_01x04_Socket","","","","","~"
"J4,J5,J6","3","Conn_01x02_Socket","","","","","~"
"L1","1","1uH","","","","","~"
"L2","1","0.47uH","","","","","~"
"R1,R2,R3,R18,R19,R24,R26,R30,R34","9","10k","","","","Resistor_SMD:R_0805_2012Metric_Pad1.20x1.40mm_HandSolder","~"
"R4,R5,R6","3","8.25k","","","","Resistor_SMD:R_0805_2012Metric_Pad1.20x1.40mm_HandSolder","~"
"R7,R8,R9,R10","4","330","","","","Resistor_SMD:R_0805_2012Metric_Pad1.20x1.40mm_HandSolder","~"
"R11","1","47k","","","","Resistor_SMD:R_0805_2012Metric_Pad1.20x1.40mm_HandSolder","~"
"R20","1","2k","","","","Resistor_SMD:R_0805_2012Metric_Pad1.20x1.40mm_HandSolder","~"
"R21,R23","2","4.7k","","","","Resistor_SMD:R_0805_2012Metric_Pad1.20x1.40mm_HandSolder","~"
"R22,R35,R39","3","0","","","","Resistor_SMD:R_0805_2012Metric_Pad1.20x1.40mm_HandSolder","~"
"R25","1","909k","","","","Resistor_SMD:R_0805_2012Metric_Pad1.20x1.40mm_HandSolder","~"
"R27,R28,R49,R50","4","200k","","","","Resistor_SMD:R_0805_2012Metric_Pad1.20x1.40mm_HandSolder","~"
"R29,R32","2","100k","","","","Resistor_SMD:R_0805_2012Metric_Pad1.20x1.40mm_HandSolder","~"
"R31,R33,R45","3","200","","","","Resistor_SMD:R_0805_2012Metric_Pad1.20x1.40mm_HandSolder","~"
"R36","1","432","","","","Resistor_SMD:R_0805_2012Metric_Pad1.20x1.40mm_HandSolder","~"
"R37","1","5.36k","","","","Resistor_SMD:R_0805_2012Metric_Pad1.20x1.40mm_HandSolder","~"
"R38","1","31.6k","","","","Resistor_SMD:R_0805_2012Metric_Pad1.20x1.40mm_HandSolder","~"
"R40","1","NC","","","","Resistor_SMD:R_0805_2012Metric_Pad1.20x1.40mm_HandSolder","~"
"R41","1","511k","","","","Resistor_SMD:R_0805_2012Metric_Pad1.20x1.40mm_HandSolder","~"
"R42","1","91k","","","","Resistor_SMD:R_0805_2012Metric_Pad1.20x1.40mm_HandSolder","~"
"R44","1","1050","","","","Resistor_SMD:R_0805_2012Metric_Pad1.20x1.40mm_HandSolder","~"
"R46","1","499","","","","Resistor_SMD:R_0805_2012Metric_Pad1.20x1.40mm_HandSolder","~"
"R47,R48","2","10M","","","","Resistor_SMD:R_0805_2012Metric_Pad1.20x1.40mm_HandSolder","~"
"SW1,SW2,SW3","3","SW_SPST","","","","Button_Switch_THT:Push_E-Switch_KS01Q01","~"
"SW4","1","SW_Reed_Opener","","","","","~"
"SW7,SW8","2","SW_Tactile","","","","Button_Switch_SMD:SW_SPST_CK_RS282G05A3","~"
"TP1,TP2,TP3,TP4,TP5,TP6","6","TestPoint","","","","","~"
"U1","1","TPS63802DLAR","","","","DLA0010A","https://www.ti.com/lit/gpn/tps63802"
"U2","1","ESP32-S3-WROOM-1-N8R8","","","","RF_Module:ESP32-S3-WROOM-1","https://www.espressif.com/sites/default/files/documentation/esp32-s3-wroom-1_wroom-1u_datasheet_en.pdf"
"U3","1","MAX98357A","","","","Package_DFN_QFN:TQFN-16-1EP_3x3mm_P0.5mm_EP1.23x1.23mm","https://www.analog.com/media/en/technical-documentation/data-sheets/MAX98357A-MAX98357B.pdf"
"U4","1","BQ25616JRTWR","","","","WQFN24_RTW_TEX","https://www.ti.com/lit/gpn/bq25616"
"U6","1","TUSB321AIRWBR","","","","Package_DFN_QFN:Texas_X2QFN-12_1.6x1.6mm_P0.4mm","http://www.ti.com/lit/ds/symlink/tusb321.pdf"
"U7","1","USBLC6-4SC6","","","","Package_TO_SOT_SMD:SOT-23-6","https://www.st.com/resource/en/datasheet/usblc6-4.pdf"
"U10","1","TMUX1204DQAR","","","","USON10_DQA_TEX","https://www.ti.com/lit/gpn/tmux1204"
