"Designator","Footprint","Qty","Comment","Manufacturer_Name","Manufacturer_Part_Number","LCSC Part #"
"BZ1","alarm_system:PS1440P02BT_TDK","1","Buzzer","TDK","PS1440P02BT",""
"C1,C6,C8,C16,C17,C18,C22","Capacitor_SMD:C_0805_2012Metric_Pad1.18x1.45mm_HandSolder","7","0.1uF","YAGEO","CC0805KRX7R9BB104",""
"C2,C3,C4,C5,C10,C23","Capacitor_SMD:C_0805_2012Metric_Pad1.18x1.45mm_HandSolder","6","1uF","Murata Electronics","GRM21BR71C105KA01L",""
"C7,C9,C11,C12,C15,C24","Capacitor_SMD:C_0805_2012Metric_Pad1.18x1.45mm_HandSolder","6","10uF","Murata Electronics","GRM21BR71A106KA73L",""
"C13","Capacitor_SMD:C_0805_2012Metric_Pad1.18x1.45mm_HandSolder","1","47nF","Samsung Electro-Mechanics","CL21B473KBCNNNC",""
"C14","Capacitor_SMD:C_0805_2012Metric_Pad1.18x1.45mm_HandSolder","1","4.7uF","Samsung Electro-Mechanics","CL21B473KBCNNNC",""
"C19,C21","Capacitor_SMD:C_0805_2012Metric_Pad1.18x1.45mm_HandSolder","2","22uF","Murata Electronics","GRM21BZ71A226ME15L",""
"D1,D2,D3,D4,D5,D6,D7,D8,D11,D15","LED_SMD:LED_0805_2012Metric","10","GREEN LED","Lite-On Inc.","LTST-C171KGKT",""
"D9","Diode_SMD:D_SOD-323_HandSoldering","1","TSD05DYFR","Texas Instruments","TSD05DYFR",""
"D10,D12,D13","LED_SMD:LED_0805_2012Metric","3","RED LED","Lite-On Inc.","LTST-C171KRKT",""
"F1","Fuse:Fuse_0805_2012Metric","1","Fuse","Vishay","MFU0805FF03000P100",""
"FB1","Resistor_SMD:R_1206_3216Metric_Pad1.30x1.75mm_HandSolder","1","BBUP00321611121Y00","Pulse Electronics","BBUP00321611121Y00",""
"IC1","SOP65P640X110-29N","1","PCA9955BTWJ","NXP USA Inc.","PCA9955BTWJ",""
"J2","alarm_system:SAMESKY_UJ20-C-H-G-SMT-1-P16-TR","1","USB_C_Receptacle_USB2.0_16P","Same Sky (Formerly CUI Devices)","UJ20-C-H-G-SMT-1-P16-TR",""
"J4","alarm_system:CONN_S2B-PH-K-S_JST","1","Conn_01x02_Socket","JST Sales America Inc.","S2B-PH-K-S",""
"J5","alarm_system:CUI_MSD-11-A","1","MSD-11-A","Same Sky (Formerly CUI Devices)","MSD-11-A",""
"J7","TerminalBlock_Phoenix:TerminalBlock_Phoenix_PT-1,5-3-5.0-H_1x03_P5.00mm_Horizontal","1","Conn_01x03_Socket","Phoenix Contact","1935174",""
"L1","alarm_system:IND_VLS5045EX-1R0N","1","1uH","TDK","VLS5045EX-1R0N",""
"L2","alarm_system:IND_IHLP-2020CZ-L","1","0.47uH","Vishay Dale","IHLP2020CZERR47M11",""
"Q1","Package_TO_SOT_SMD:SOT-23-3","1","AO3400A","Alpha & Omega Semiconductor Inc.","AO3400A",""
"R1,R2,R3,R18,R19,R24,R30","Resistor_SMD:R_0805_2012Metric_Pad1.20x1.40mm_HandSolder","7","10k","Stackpole Electronics Inc","RMCF0805FT10K0",""
"R4,R5,R6,R12","Resistor_SMD:R_0805_2012Metric_Pad1.20x1.40mm_HandSolder","4","8.25k","YAGEO","RT0805BRD078K25L",""
"R7,R8,R9,R10,R13,R53","Resistor_SMD:R_0805_2012Metric_Pad1.20x1.40mm_HandSolder","6","330","YAGEO","RC0805JR-07330RL",""
"R11","Resistor_SMD:R_0805_2012Metric_Pad1.20x1.40mm_HandSolder","1","47k","YAGEO","RC0805FR-0747KL",""
"R14,R15,R27,R28,R29,R32,R54","Resistor_SMD:R_0805_2012Metric_Pad1.20x1.40mm_HandSolder","7","100k","YAGEO","RC0805FR-07100KL",""
"R16,R17,R35,R39,R43,R51,R52","Resistor_SMD:R_0805_2012Metric_Pad1.20x1.40mm_HandSolder","7","0","YAGEO","RC0805JR-070RL",""
"R20","Resistor_SMD:R_0805_2012Metric_Pad1.20x1.40mm_HandSolder","1","2k","YAGEO","RC0805FR-072KL",""
"R21,R23","Resistor_SMD:R_0805_2012Metric_Pad1.20x1.40mm_HandSolder","2","4.7k","YAGEO","RC0805FR-074K7L",""
"R25","Resistor_SMD:R_0805_2012Metric_Pad1.20x1.40mm_HandSolder","1","909k","YAGEO","RC0805FR-07909KL",""
"R31,R33,R45","Resistor_SMD:R_0805_2012Metric_Pad1.20x1.40mm_HandSolder","3","200","YAGEO","RC0805FR-07200RL",""
"R36","Resistor_SMD:R_0805_2012Metric_Pad1.20x1.40mm_HandSolder","1","432","YAGEO","RC0805FR-07432RL",""
"R37","Resistor_SMD:R_0805_2012Metric_Pad1.20x1.40mm_HandSolder","1","5.36k","Vishay Dale","CRCW08055K36FKEA",""
"R38","Resistor_SMD:R_0805_2012Metric_Pad1.20x1.40mm_HandSolder","1","31.6k","YAGEO","RC0805FR-0731K6L",""
"R41","Resistor_SMD:R_0805_2012Metric_Pad1.20x1.40mm_HandSolder","1","511k","YAGEO","RC0805FR-07511KL",""
"R42","Resistor_SMD:R_0805_2012Metric_Pad1.20x1.40mm_HandSolder","1","91k","YAGEO","RC0805FR-0791KL",""
"R44","Resistor_SMD:R_0805_2012Metric_Pad1.20x1.40mm_HandSolder","1","1050","YAGEO","RC0805FR-071K05L",""
"R46","Resistor_SMD:R_0805_2012Metric_Pad1.20x1.40mm_HandSolder","1","499","YAGEO","RC0805FR-07499RL",""
"R47,R48","Resistor_SMD:R_0805_2012Metric_Pad1.20x1.40mm_HandSolder","2","10M","YAGEO","RC0805FR-0710ML",""
"R49,R50","Resistor_SMD:R_0805_2012Metric_Pad1.20x1.40mm_HandSolder","2","200k","YAGEO","RC0805FR-07200KL",""
"SW1,SW2,SW3,SW5,SW7,SW8","Button_Switch_SMD:SW_SPST_CK_RS282G05A3","6","SW_SPST","C&K","PTS636SK25FSMTR LFS",""
"SW4","TerminalBlock_Phoenix:TerminalBlock_Phoenix_PT-1,5-2-5.0-H_1x02_P5.00mm_Horizontal","1","SW_Reed_Opener","Phoenix Contact","1935161",""
"U1","DLA0010A","1","TPS63802DLAR","Texas Instruments","TPS63802DLAR",""
"U2","RF_Module:ESP32-S3-WROOM-1","1","ESP32-S3-WROOM-1-N8R8","Espressif Systems","ESP32-S3-WROOM-1-N8R8",""
"U3","Package_DFN_QFN:TQFN-16-1EP_3x3mm_P0.5mm_EP1.23x1.23mm","1","MAX98357A","Analog Devices Inc./Maxim Integrated","MAX98357AETE+T",""
"U4","WQFN24_RTW_TEX","1","BQ25616JRTWR","Texas Instruments","BQ25616JRTWR",""
"U5","Package_DFN_QFN:Diodes_UDFN-10_1.0x2.5mm_P0.5mm","1","PESD4USB5BTBS-QX","Nexperia USA Inc.","PESD4USB5BTBS-QX",""
"U6","Package_DFN_QFN:Texas_X2QFN-12_1.6x1.6mm_P0.4mm","1","TUSB321AIRWBR","Texas Instruments","TUSB321AIRWBR",""
"U10","USON10_DQA_TEX","1","TMUX1204DQAR","Texas Instruments","TMUX1204DQAR",""
