Designator,Mid X,Mid Y,Rotation,Layer
BZ1,128.31,-68.84,0,top
C1,136.9725,-51.07,90,top
C2,134.1625,-51.02,90,top
C3,122.57,-84.9,0,top
C4,148.2875,-85.12,0,top
C5,135.2575,-84.93,0,top
C6,144.9125,-66.61,180,top
C7,94.948749,-69.022499,180,top
C8,87.35,-42.72,-90,top
C9,144.8825,-69.02,180,top
C10,69.35,-79.4175,90,top
C11,79.46,-53.16,90,top
C12,81.27,-82.0375,90,top
C13,77.92,-75.9575,-90,top
C14,75.5,-75.9275,90,top
C15,72.42,-78.51,180,top
C16,85.05,-61.2725,0,top
C17,65.11,-69.78,-90,top
C18,87.51,-38.35,90,top
C19,84.4,-38.35,90,top
C21,94.46,-75.69,180,top
C22,110.712872,-64.103,90,top
C23,110.2775,-84.84,0,top
C24,81.29,-86.18,-90,top
D1,141.71,-86.47,-90,top
D2,128.16,-86.47,-90,top
D3,116.54,-86.47,-90,top
D4,104.02,-76.79,180,top
D5,104.06,-79.31,180,top
D6,104.11,-81.88,180,top
D7,104.1,-84.67,180,top
D8,104.16,-87.42,180,top
D9,71.6,-52.7775,90,top
D10,144.4,-86.47,-90,top
D11,69.59,-85.1775,180,top
D12,130.73,-86.47,-90,top
D13,119.12,-86.47,-90,top
D15,73.1,-90.59,-90,top
F1,87.07,-83.83,0,top
FB1,75.78,-54.05,0,top
IC1,117.351,-68.278,90,top
J2,61.065,-56.49,-90,top
J4,151.1551,-64.6651,90,top
J5,148.61,-49.67,90,top
J7,87.43,-89.6575,0,top
L1,83.72,-77.26,0,top
L2,100.768749,-71.862499,-90,top
Q1,144.42,-75.97,0,top
R1,132.94,-44.52,0,top
R2,137.37,-42.18,-90,top
R3,137.3725,-46.58,-90,top
R4,122.54,-87.27,180,top
R5,148.2175,-87.353742,180,top
R6,135.2175,-87.35,180,top
R7,122.56,-82.61,0,top
R8,148.2375,-82.843742,0,top
R9,135.2175,-82.44,0,top
R10,78.4,-48.37,180,top
R11,73.5,-48.47,0,top
R12,110.2475,-87.22,180,top
R13,110.2275,-82.42,0,top
R14,93.12,-83.86,0,top
R15,97.37,-83.85,0,top
R16,95.51,-78.79,-90,top
R17,105.7305,-64.283,90,top
R18,108.2105,-66.423,-90,top
R19,106.79,-71.05,-90,top
R20,109.996,-71.386,0,top
R21,83.32,-48.71,0,top
R23,87.47,-48.77,180,top
R24,82.08,-40.53,-90,top
R25,76.83,-64.3525,90,top
R27,139.82,-66.94,-90,top
R28,139.85,-62.8,-90,top
R29,70.04,-82.6675,180,top
R30,78.25,-87.33,-90,top
R31,65.54,-85.0775,0,top
R32,71.46,-87.2975,180,top
R33,72.21,-93.63,0,top
R35,75.48,-93.34,-90,top
R36,78.67,-92.16,-90,top
R37,81.12,-90.55,-90,top
R38,83.23,-92.56,-90,top
R39,88.24,-69.99,90,top
R41,90.498749,-78.182499,90,top
R42,90.528749,-74.192499,90,top
R43,78.84,-39.62,180,top
R44,69.9,-75.02,0,top
R45,72.2,-67.55,-90,top
R46,69.100001,-66.3895,180,top
R47,71.270001,-72.5595,0,top
R48,65.630001,-73.1195,180,top
R49,79.01,-66.9225,90,top
R50,83.25,-66.8025,90,top
R51,144.92,-71.32,180,top
R52,129.9125,-52.08,180,top
R53,141.25,-78.7225,180,top
R54,138.15,-77.8225,90,top
SW1,119.63,-92.56,0,top
SW2,144.4375,-92.5125,0,top
SW3,131.9775,-92.53,0,top
SW4,66.74,-40.06,-90,top
SW5,107.1175,-92.6,0,top
SW7,74.45,-41.52,90,top
SW8,118.47,-54.08,0,top
U1,94.71875,-72.129999,0,top
U2,99.55,-42.86,0,top
U3,145.5125,-62.98,0,top
U4,75.82,-82.51,0,top
U5,72.6925,-57.78,0,top
U6,80.96,-62.6625,-90,top
U10,68.09,-70.1369,-90,top
